Keyword;Sessions
(not provided);1,117
simple;168
simple bank;149
atm near me;64
simple.com;55
simple checking;52
bank simple;51
simple banking;51
simple portland;48
simple finance portland;47
simplebank;47
simple card;46
simple debit card;46
simple finance;45
simple bank login;42
simple checking account;42
simple log in;42
simple credit card;41
simple account;40
simple financial;40
simple login;40
simple online banking;40
simple visa;40
simple visa card;40
simple bank log in;39
simple bank portland;39
simple login page;39
simple sign in;39
simplecard;39
free online bank;38
simple account login;38
simple bank sign in;38
simple prepaid card;35
simple portland oregon;34
simple.;32
bank.simple;31
banking tools;31
banksimple;31
simple bank account;31
simple bank accounts;31
simple bank app;31
simple bank credit card;31
simple bank logo;31
simple banking login;31
simple better banking;31
simple debit;31
simplebanking;31
simplify bank;31
simplw;31
simply bank;31
smiple;31
visa simple;31
what is a simple card;31
what is simple app;31
www.simple.com;31
simple bak;30
simple bank customer service;30
simple banking sign in;30
simple banl;30
simple saving;30
simple savings;30
simple.cpm;30
www.simple;30
how do banks make money;28
building a gaming pc;22
what you need to build a pc;21
how to build a gaming pc;19
simple app;18
what do you need to build a pc;18
how international money transfer works;17
how to build a gaming computer;17
parts needed to build a pc;17
what parts do i need to build a pc;17
simple mobile deposit;16
what do you need to build a gaming pc;16
how to build a pc;15
parts needed to build a gaming pc;15
simple bank atm;15
simple bank mobile check deposit;15
simple wallet;15
nearest atm;14
simple atm;14
atm locator;13
atms near me;13
gaming pc parts;13
gaming pc parts list;13
how to build gaming pc;13
how to buy a house;13
simple bank address;13
third party money transfer;13
what do i need to build a computer;13
what do i need to build a pc;13
what do you need for a gaming pc;13
build your own gaming pc;12
closest atm;12
nearest atm to me;12
simple bank checks;12
things needed to build a pc;12
components to build a gaming pc;11
everything you need to build a gaming pc;11
how to buy my first home;11
simple check deposit;11
simple deposit;11
what are derivatives;11
what do you need to build a computer;11
what parts do i need to build a gaming pc;11
what parts do you need to build a gaming pc;11
atm near me now;10
building a gaming computer;10
building your own gaming computer;10
buying my first home;10
closest atm near me;10
parts for a gaming pc;10
parts to build a computer;10
simple atm finder;10
things you need to build a pc;10
what do i need to build a gaming pc;10
atm near ne;9
atm.near me;9
building a pc;9
buying a house by yourself;9
free online banking;9
how to build a pc for gaming;9
near atm;9
parts you need for a gaming pc;9
parts you need to build a computer;9
parts you need to build a gaming pc;9
simple atm fees;9
simple atms;9
simple online bank;9
things you need to build a gaming pc;9
what parts do you need for a gaming pc;9
what parts do you need to build a computer;9
what parts do you need to build a pc;9
activate simple card;8
atm machine near me;8
banking;8
best bank login;8
best online banking experience;8
build your own gaming computer;8
building a computer;8
building your own computer;8
closest atm to me;8
compass bank address;8
components needed to build a pc;8
how can a single person afford a house;8
how to build your own computer for gaming;8
nearest atm from my location;8
online bank with debit card;8
rebuilding a motorcycle;8
sim ple;8
simple apply;8
simple ban;8
simple bank cash deposit;8
simple bank deposit cash;8
simple bank jobs;8
simple bank wire transfer;8
simple banking account;8
simple careers;8
simple check;8
simple finance careers;8
simple money app;8
simple visa debit card;8
what do i need for a gaming pc;8
what is needed to build a pc;8
all computer components;7
app that deposits checks;7
artm near me;7
atm bear me;7
atm closest to me;7
atm near;7
atm nearby;7
atm nearest;7
atm no fee;7
atm number location;7
atm with no fee;7
atm without fees near me;7
average tip;7
bank or atm near me;7
building gaming pc;7
can a single person buy a house;7
cheapest atm fees near me;7
closest atm machine to me;7
everything needed to build a pc;7
external account;7
fee free atms near me;7
find me the nearest atm;7
free atm near me;7
gaming computer components;7
gaming pc components;7
guide to building a gaming pc;7
how do banks make a profit;7
how to afford your first house;7
how to build a computer;7
how to build your own gaming computer;7
how to build your own gaming pc;7
how to deposit cash into simple;7
how to make a gaming pc;7
list for building a gaming pc;7
nearby atm machines;7
nearest atms;7
parts needed for a gaming pc;7
parts of a gaming pc;7
simple bank check deposit limit;7
simple bank near me;7
simple direct deposit;7
simple free atms;7
simple jobs;7
single person buying a house;7
what do you need in a pc;7
what do you need to build your own computer;7
what do you need to deposit a check;7
what do you need to make a gaming pc;7
what parts do i need to build a computer;7
what you need to make a computer;7
where is the closest atm;7
building own gaming pc;6
building your own gaming pc;6
california tipping;6
cash check online instantly;6
checklist for building a gaming pc;6
components for a gaming pc;6
deposit personal check to prepaid card;6
everything you need to build a pc;6
how long does depositing a check online take;6
how to build a gaming desktop;6
how to deposit cash into simple account;6
how to deposit money into simple account;6
how to disassemble a motorcycle;6
parts needed for a pc;6
parts needed for gaming pc;6
parts of a gaming computer;6
purchaser forgot to sign money order;6
rebuilding motorcycle;6
restaurant tip;6
restoring a motorcycle;6
simple bank checkbook;6
simple bank direct deposit;6
simple bank funds availability;6
simple bank savings account;6
simple photo check deposit;6
simple savings account;6
single person mortgage;6
take picture of check to deposit;6
what do you need to build a gaming computer;6
what i need to build a computer;6
what parts do i need to build a gaming computer;6
what parts do u need to build a computer;6
all components of a gaming pc;5
all parts needed to build a gaming pc;5
all parts to a computer;5
atm finder;5
average tip for waitress;5
bbva compass mobile deposit funds availability;5
bbva compass mobile deposit hold;5
build a gaming pc;5
components to build a pc;5
derivatives;5
everything i need to build a pc;5
gaming pc build checklist;5
gaming pc essentials;5
how banks make money;5
how to build a computer for gaming;5
how to build pc gaming;5
list of parts to build a gaming pc;5
motorcycle restoration tips;5
parts required to build a pc;5
pieces to build a pc;5
restore motorcycle;5
simple bank business account;5
simple bank paypal;5
simple bank usa;5
what do you need for a pc;5
what does a computer need;5
what does a gaming pc need;5
what i need to build a pc;5
what parts are needed to build a computer;5
what to buy first when building a gaming pc;5
(not set);4
all components needed to build a gaming pc;4
all parts for a computer;4
all parts for a pc;4
all parts needed to build a pc;4
all parts required to build a gaming pc;4
all parts you need to build a gaming pc;4
all the components to build a computer;4
all the things you need to build a gaming pc;4
banks with no fees;4
bbva compass verify funds;4
build a gaming pc parts list;4
build your own computer;4
build your own pc;4
building a desktop;4
building a gaming pc checklist;4
building a gaming pc parts list;4
can one person buy a house;4
computer parts list;4
derivative finance definition;4
essential pc parts;4
everything to know about building a pc;4
everything you need for a computer;4
gaming computer;4
how build a gaming pc;4
how do banks make profit;4
how to build a good gaming pc;4
how to build gaming computer;4
how to build own gaming pc;4
how to build your own desktop;4
how to build your own pc for gaming;4
how to mail a check for deposit only;4
how to make a gaming computer;4
how to make your own gaming pc;4
how to make your own pc;4
how to receive money from another country;4
i bought a house;4
international funds transfers;4
items needed to build a gaming pc;4
list of components to build a pc;4
list of gaming pc parts;4
list of parts needed to build a computer;4
making a gaming pc;4
making gaming pc;4
mobile deposit hold bbva;4
money transfer to foreign country;4
parts for a pc;4
parts for gaming pc;4
parts i need to build a pc;4
parts list for gaming pc;4
parts necessary to build a computer;4
parts needed for a gaming computer;4
parts required to build a computer;4
parts to build a gaming pc;4
parts to build a pc;4
pieces needed to build a pc;4
priority availability bbva compass;4
rebuild motorcycle;4
requirements for a gaming pc;4
requirements for gaming pc;4
restaurant tip percent;4
send money to other country;4
simple bank check hold;4
simple bank money order deposit;4
simple bank transfer time;4
simple career;4
simple finance jobs;4
simple jobs portland;4
simple portland jobs;4
simple wire transfer;4
simplefinance;4
things to know when building a computer;4
want to build a gaming pc;4
what all do you need to build a pc;4
what are all the parts you need to build a gaming computer;4
what components do you need to build a computer;4
what components do you need to build a gaming pc;4
what do i need to make a computer;4
what do you need in a gaming pc;4
what do you need to build a desktop;4
what do you need to make a computer;4
what is a derivative;4
what is needed to build a computer;4
what parts do you need for a computer;4
what parts does a computer need;4
what parts to build a gaming pc;4
what pc parts to buy first;4
what time will my direct deposit go through;4
what to know when building a pc;4
what you need for a gaming pc;4
1. what components are required if you want to make your computer work?;3
add cash to simple account;3
all components to build a gaming pc;3
all components to build a pc;3
all parts for a gaming pc;3
all parts you need for a gaming pc;3
all the parts needed to build a gaming pc;3
all the parts needed to build a pc;3
all the parts to build a gaming pc;3
all things needed to build a pc;3
atm locator near me;3
bank machine near me;3
bank with no fees;3
bbva compass mailing address;3
build a custom computer;3
build a desktop computer;3
building a gaming pc guide;3
building my own computer;3
building my own gaming pc;3
bulding a computer;3
buying a home single;3
buying a house as a single person;3
buying my first house;3
cash machine near me;3
closest atm machine to my location;3
components for a pc;3
components for gaming pc;3
components needed to build a gaming pc;3
components you need to build a computer;3
computer building checklist;3
computer components list;3
computer for gaming;3
computer parts;3
computer parts to build a computer;3
debit cards with no monthly fee;3
deposit cash simple;3
deposit cash to simple;3
deposit checks;3
deposit money order simple;3
derivative assets;3
everything needed to build a computer;3
everything to build a pc;3
everything you need for a gaming pc;3
everything you need to make a gaming pc;3
fee free atms;3
gaming computer parts;3
gaming pc build;3
gaming pc components checklist;3
gaming pc requirements;3
good gaming pc parts list;3
how money transfer from one country to another;3
how to build a pc gamer;3
how to build my own gaming pc;3
how to build my own pc;3
how to build your own computer;3
how to buy a house alone;3
how to buy a house by yourself;3
how to load simple card;3
how to make a gaming desktop;3
how to make a pc;3
how to make gaming pc;3
how to purchase my first home;3
how to restore a motorcycle;3
how to save for a first home;3
how to save for first house;3
how to.build a computer;3
i want to build a pc;3
i want to build my own gaming pc;3
list of pc parts to build a pc;3
load simple card;3
main pc parts;3
motorcycle engine rebuild;3
motorcycle restoration;3
motorcycle restoration guide;3
parts need to build a gaming pc;3
parts of a pc;3
parts to build a gaming computer;3
parts you need to build a pc;3
pc build checklist;3
pc build components;3
pc building parts;3
restoring an old motorcycle;3
simple bank atm deposit;3
simple bank atm limit;3
simple bank careers;3
simple bank direct deposit time;3
simple bank for business;3
simple bank invite;3
simple bank money order;3
simple bank savings;3
simple bank transfer;3
simple deposit cash;3
simple how to deposit cash;3
simple referral;3
starsf atms;3
things need to build a computer;3
things needed for a pc;3
things needed to build a gaming computer;3
things you need for a computer;3
things you need to build a computer;3
what components are needed to build a pc;3
what components do i need to build a pc;3
what do i need to build my own gaming pc;3
what do you need for a computer;3
what does a gaming computer need;3
what is needed to make a computer;3
what makes a good gaming pc;3
what u need to build a pc;3
what you need to build a computer;3
where can i cash a money order near me;3
all gaming pc parts;2
all parts needed for gaming pc;2
all parts to build a pc;2
all the parts you need for a gaming pc;2
all the things you need for a gaming pc;2
all things needed to build a gaming pc;2
atm;2
atm id;2
atm near my location;2
atm near.me;2
atmfinder;2
bank atm near me;2
basitkart;2
best computer hardware;2
best pc setup for gaming;2
build gaming computer;2
building a gaming pc from scratch;2
building a high end gaming pc;2
building a pc from scratch;2
building gaming pc for beginners;2
buying a house;2
buying your first home alone;2
check by mail;2
closest atms;2
closest bank atm to me;2
components needed to build a gaming computer;2
computer components;2
computer parts needed to build a computer;2
cpu parts for gaming;2
define derivatives;2
deposit cash into simple;2
derivative example;2
derivative finance;2
derivatives definition;2
derivatives explained simply;2
derivatives market;2
desktop computer parts list;2
digital bank usa;2
easiest motorcycle to restore;2
everything needed for a gaming pc;2
example of derivative contract;2
gaming pc build guide;2
gaming pc components list;2
gaming pc parts guide;2
gaming pc parts needed;2
house for one person;2
how do banks make money from checking accounts;2
how do banks make profits;2
how do i build my own gaming pc;2
how do i buy a house;2
how does a bank make money;2
how does simple make money;2
how to add money to simple card;2
how to build a custom gaming pc;2
how to deposit cash with simple;2
how to make your own desktop;2
how to rebuild a motorcycle;2
how to restore an old motorcycle;2
https://simple.com/friends/gr4wbfy;2
https://www.simple.com/;2
list of components to build a gaming pc;2
list of parts needed to build a gaming pc;2
motorcycle restoration for beginners;2
near me atm;2
new simple;2
parts needed to build a computer;2
parts needed to make a gaming pc;2
parts to assemble a computer;2
pc components;2
pc part checklist;2
simaple;2
simple bank atm fees;2
simple bank atms;2
simple bank card;2
simple bank debit card;2
simple bank deposit;2
simple bank foreign transaction fees;2
simple bank limits;2
simple bank locations;2
simple bank routing number;2
simple cash advance;2
simple finance technology corp;2
single person;2
things needed for building a gaming pc;2
things required to build a pc;2
things to build a gaming pc;2
things to build a pc;2
things to know when building a gaming pc;2
what all do you need to build a gaming pc;2
what are the parts needed to build a computer;2
what are the requirements for a gaming pc;2
what do banks do;2
what do i need to build my own computer;2
what do i need to make a gaming pc;2
what is a stock derivative;2
what is needed to build a gaming pc;2
what parts do you need for a pc;2
what parts should i buy for a gaming computer;2
what parts to build a computer;2
what parts to buy for a gaming computer;2
what to buy first when building a pc;2
what to buy when building a pc;2
what you need to build a gaming pc;2
about how much money can be transfer from out of country bank to our country;1
add money to paypal debit card;1
all components to make.your own desktop;1
all parts needed for a pc;1
all parts of a pc;1
all parts of computer;1
all the components you need to build a computer;1
anonymous bank transfer;1
app where you can cash a picture of a check;1
atm bank;1
atm cash;1
atm location by atm id;1
atm machines near me;1
atm mear me;1
atm near by me;1
atm search by atm id;1
atms around me;1
bancomat near me;1
bank atm;1
banking startup;1
banks with no checking fees;1
bbva compass bank mobile deposit;1
bbva mail;1
bbva mobile deposit;1
best engine to rebuild for beginners;1
best motorcycles to restore;1
build pc parts;1
build your own gaming pc list;1
but goal a goal;1
buying a house on a single income;1
buying a house on your own single;1
buying a house single income;1
buying a person;1
buying first house;1
cache:asr4m8rdqb0j:https://www.simple.com/help/articles/getting-started/cash;1
can you deposit a money order like a check;1
cash a check online;1
cheap home buying stories;1
cheap ski pants;1
check date;1
check signature;1
check us;1
city one bank;1
close my bank account simple style application;1
com atm;1
components needed to build a computer;1
components of a computer;1
components of gaming pc;1
components of pc;1
components to build a desktop;1
computer part list;1
custom pc parts;1
decent gaming pc build;1
deposit cash;1
deposit photo;1
deposit rule per check;1
derivates;1
derivates meaning;1
derivative definition economics;1
derivative finance example;1
derivative in finance;1
derivative market define?;1
derivative payments;1
derivatives finance explained;1
derivatives in finance;1
derivatives in simple words;1
derivatives investment;1
derivatives meaning;1
derivatives stocks;1
derivatives trading;1
derivatives what are they;1
dismantle motorcycle;1
do i sign a check;1
essential parts for a gaming pc;1
everything you need to know about building a pc;1
evolution of international banking;1
fastest international money transfer;1
finance derivative;1
financial derivatives explained;1
find atm machine;1
for on a check;1
four ways to make money like the bank;1
free bank software;1
gaming computer store;1
gaming pc custom build;1
gaming pc setup;1
google wallet debit card;1
house buying tips;1
house single;1
houses for one person;1
how bank make money;1
how banks make profit;1
how do banks get money;1
how do banks work;1
how do i deposit a check for my child;1
how do international bank transfers work;1
how does bank make money;1
how long does a check take to clear;1
how much way we can transfer money from another country;1
how to assemble pc;1
how to build a custom computer;1
how to build custom gaming pc;1
how to build gaming cpu;1
how to build pc for gaming;1
how to explain derivatives;1
how to fill out a deposit check;1
how to get a check;1
how to learn how to save money;1
how to raise your credit score;1
how to rebuild a motorcycle engine;1
how to repair motorcycle engine;1
how to save for a house;1
how to save up for a house;1
how to send money internationally online;1
how to sign a check;1
how to sign over a check;1
how to transfer money from country to country;1
how to transfer money from one country to another;1
https://simple.com/friends/cpj4fyb;1
https://simple.com/friends/dckqryk;1
https://simple.com/friends/grq5zbn;1
https://www.simple.com;1
https://www.simple.com/features;1
https://www.simple.com/friends/bp2zdcj;1
https://www.simple.com/friends/dclrnws;1
https://www.simple.com/friends/gf3hvf7;1
i want to build a gaming pc where do i start;1
i want to buy my first home;1
international money transfer how does it work;1
just bought first house;1
just checking;1
mail check;1
mail deposit;1
mailing a check for deposit only;1
make money with;1
motorcycle engine reconditioning;1
my first gaming pc;1
my first home;1
old motorcycle parts;1
old motorcycle repair;1
one network bank paypal;1
overhauling motorcycle engine;1
parts for building a gaming pc;1
parts required for a gaming pc;1
parts required to build a gaming pc;1
parts to build computer;1
parts to build your own computer;1
parts u need to build a pc;1
pc check list;1
pc gaming parts list;1
pc parts checklist;1
pc parts to build a computer;1
personal check information requirements;1
photo check deposit;1
photocheck;1
picture of check deposit;1
rebuilding a bike;1
refferal;1
requirements for cashing a check;1
send and receive money online worldwide;1
send money person;1
send money to bank from paypal;1
send wire transfer;1
set up direct deposit;1
simpl;1
simpl holds;1
simple apps;1
simple bank canada;1
simple bank deposit check;1
simple bank fees;1
simple bank how to deposit cash;1
simple credit;1
simple fintech;1
simple mail;1
simple mobile banking;1
simple prepaid;1
simple simple;1
simple site login;1
simple transfer;1
simples.com;1
singel person;1
single home buyer;1
smple;1
starter check;1
the nearest atm;1
things you need for a gaming pc;1
tipping in portland;1
to the order of check;1
transferring money internationally between banks;1
usa tipping chart;1
visa money transfer how it works;1
ways banks make money;1
what are derivaties;1
what are derivatives in banking;1
what are derivatives in finance;1
what are financial derivatives;1
what components to build a pc;1
what do banks do?;1
what do i need in a computer;1
what do i need to deposit a check;1
what do u need to build a pc;1
what does a pc need;1
what does pay to the order of mean;1
what information is needed for a money order;1
what is a derivative finance;1
what is a starter check;1
what is derivatives;1
what to buy to build a pc;1
what u need to build a gaming pc;1
what you need for gaming pc;1
what you need in a gaming pc;1
where do banks get money to lend;1
where do i sign a check;1
where is the nearest atm?;1
where to sign check on back;1
wire bank;1
wire transfers;1
working of motorcycle;1
www.simply;1
you have bought;1
ओल्ड मोटरसाइकिल;1
;6,611
;
Day Index;Sessions
6/22/17;6,611
;6,611
